Designator,Footprint,Quantity,Value,LCSC Part #
"C1, C17, C19, C20, C22, C23, C25, C26, C28, C3",0603,10,4.7 µF,C69335
C10,0603,1,1.0µF,C5673
C11,C0402,1,1 nF,C14442
C12,C0402,1,2.2 nF,C84703
C13,C1206,1,10 uF,C100122
"C14, C15, C16, C29, C30, C36, C39, C4, C40, C41, C42, C43, C44, C45, C46, C47, C5, C59, C6, C62, C63, C64, C7, C8, C9",C0603,25,100nF,C1591
C147,0603,1,100nF,C1591
"C156, C157",0603,2,100pF,C14858
"C18, C2, C21, C24, C27, C65",0603,6,100 nF,C1591
"C31, C33, C34, C35, C48, C58, C69",C0603,7,10uF,C77044
"C32, C68",CL05A105KA5NQNC,2,1uF,C52923
"C37, C38",C0402,2,15 pF,C86285
"C49, C50, C51, C52, C61",C0603,5,1uF,C29936
"C53, C54, C55, C56, C57, C60",C0603,6,2.2uF,C23630
C66,C0402,1,220 nF,C16772
C67,C0805,1,4.7µF,C2897302
D2,SOD-123FL_L2.7-W1.8-LS3.8-RD,1,S16,C405304
D3,USON-10_L2.5-W1.0-P0.50-BL,1,TPD4E05U06DQAR,C138714
"D4, D5",USON-10_L2.5-W1.0-P0.50-BL,2,TPD4E02B04DQAR,C106794
"FB1, FB2",0603,2,FerriteBead,C14709
FPC1,FPC-SMD_P0.50-24P_XJ-FGS,1,FPC0.5-24P,C132514
FPC2,FPC-SMD_FPC-0.5FX-6PWBH10,1,FPC-0.5FX-6PWBH10,C5343255
J1,HDMI_A_Amphenol_10029449-x01xLF_Horizontal,1,10029449-111RLF,C427307
L3,IND-SMD_L7.1-W6.6,1,10µH,C112288
OSC1,OSC-SMD_4P-L2.0-W1.6-BL,1,OT7EL89CJI-111YLC-48M,C7434946
"Q1, Q2, Q4",SOT-23-3_L2.9-W1.6-P1.90-LS2.8-BR,3,BSS138_C112239,C112239
R1,R0402,1,2.00 kOhm,C60488
R10,R0402,1,31.6 kOhm,C11463
"R100, R96",0603,2,10kΩ,C840630
"R101, R104, R106, R108, R97, R98",0603,6,4.7kΩ,C163914
"R103, R99",0603,2,200kΩ,C118142
"R105, R107, R110",0603,3,100kΩ,C25803
"R11, R14, R2, R6, R7",R0402,5,10 kOhm,C60490
R12,R0402,1,0 Ohm,C106231
R13,R0402,1,22 Ohm,C114765
"R15, R16",R0402,2,27 Ohm,C138021
R17,R0402,1,43.2 kOhm,C25894
"R18, R19",0603,2,47k,C2907042
R20,0603,1,100k,C14675
"R21, R24",0603,2,1k,C22548
"R22, R23, R27",R0402,3,100 Ohm,C106232
R26,R0402,1,1.10 kOhm,C25860
R28,R0402,1,100 kOhm,C25741
R3,0805,1,49.9 kΩ,C17719
"R4, R5",0805,2,100 kΩ,C149504
R8,R0402,1,348 kOhm,C25780
R9,R0402,1,5 Ohm,C6888654
SW3,KEY-SMD_KMR2XXGXXX,1,BOOT,C99271
SW4,KEY-SMD_KMR2XXGXXX,1,RESET,C99271
U1,P-VFBGA-80_L7.0-W7.0-R10-C10-P0.65-TL,1,TC358870XBG(NOK),C3008712
U10,QFN-56_L7.0-W7.0-P0.40-TL-EP4.0,1,ESP32-S3R8,C2913194
U11,WSON-8_L6.0-W5.0-P1.27-TL-EP,1,GD25Q128EWIGR,C2982923
U12,SOT-23-6,1,USBLC6-2SC6,C7519
U13,SC-70-6_L2.0-W1.3-P0.65-LS2.1-BL-1,1,SN74AXC1T45DCKR,C2677392
U14,SOT-23-6_L2.9-W1.6-P0.95-LS2.8-BR,1,TXS0101DBVR,C132604
U15,SOT-23-6_L2.9-W1.6-P0.95-LS2.8-BR,1,TPS61165DBVR,C58756
U16,WSON-6_L2.0-W2.0-P0.65-BL-EP,1,TVS0500DRVR,C609571
"U2, U7",WSON-6_L2.0-W2.0-P0.65-TL-EP,2,TLV76701DRVR,C2863998
U3,SSOP-10-1EP_3.9x4.9mm_P1mm_EP2.1x3.3mm,1,CH224K,C970725
U4,WSON-6_L2.0-W2.0-P0.65-BL-EP,1,TLV76718DRVR,C2870458
U5,WSON-6_L2.0-W2.0-P0.65-BL-EP,1,TLV76728DRVR,C2865665
U6,WSON-6_L2.0-W2.0-P0.65-TL-EP,1,TLV76733DRVR,C2848334
"U62, U64",SSOP-8_L2.0-W2.3-P0.50-LS3.1-BR,2,PCA9306DCUR,C33196
U8,DFN-10_L2.5-W1.0-P0.50-BL,1,ESD7104MUTAG_C2987068,C2987068
U9,VQFN-10_L2.0-W2.0-P0.45-TL,1,TPS259474LRPWR,C2864845
USB1,USB-C-SMD_TYPE-C16PIN,1,TYPE-C16PIN,C393939
X1,CRYSTAL-SMD_4P-L3.2-W2.5-BL,1,ABM8-40.000MHZ-10-D1G-T,C1986736
