Designator,Mid X,Mid Y,Rotation,Layer
C1,109.525,-60.17,180.0,top
C10,93.795,-84.21,0.0,top
C11,90.0,-80.55,180.0,top
C12,86.62,-76.5,180.0,top
C13,148.02,-68.59,90.0,top
C14,138.83,-79.98,0.0,bottom
C147,130.245,-62.15,180.0,bottom
C15,144.17,-83.99,0.0,bottom
C156,98.13,-88.33,0.0,top
C157,104.525,-76.74,0.0,bottom
C16,107.31,-86.04,180.0,bottom
C17,138.675,-75.35,0.0,top
C18,150.96,-78.205,90.0,top
C19,150.56,-65.835,90.0,top
C2,123.525,-60.73,180.0,top
C20,93.06,-67.285,90.0,top
C21,94.69,-67.27,90.0,top
C22,97.81,-65.15,180.0,top
C23,149.775,-85.14,0.0,top
C24,149.825,-86.74,0.0,top
C25,149.865,-88.35,180.0,top
C26,114.65,-82.2,0.0,top
C27,114.65,-83.735,0.0,top
C28,116.75,-88.55,180.0,top
C29,107.21,-88.19,180.0,bottom
C3,126.68,-59.75,180.0,top
C30,91.29,-70.44,90.0,bottom
C31,110.62,-69.31,0.0,top
C32,103.98,-65.79,0.0,top
C33,103.51,-80.23,0.0,top
C34,87.41,-72.81,0.0,top
C35,119.38,-69.9,180.0,top
C36,118.78,-79.15,90.0,top
C37,109.87,-61.92,180.0,top
C38,106.1,-65.08,180.0,top
C39,134.08,-69.05,0.0,bottom
C4,110.62,-67.57,0.0,top
C40,135.58,-78.56,0.0,bottom
C41,125.59,-66.49,270.0,bottom
C42,129.6,-68.43,0.0,top
C43,117.52,-73.11,270.0,bottom
C44,117.7,-81.21,180.0,bottom
C45,118.2,-75.55,180.0,bottom
C46,139.35,-76.99,0.0,bottom
C47,128.32,-81.84,90.0,bottom
C48,121.17,-73.11,270.0,bottom
C49,135.62,-80.46,0.0,bottom
C5,107.78,-80.2,0.0,top
C50,139.35,-75.1,0.0,bottom
C51,118.25,-77.44,180.0,bottom
C52,134.08,-70.8,0.0,bottom
C53,123.72,-66.49,270.0,bottom
C54,129.6,-70.26,0.0,top
C55,117.7,-79.39,180.0,bottom
C56,126.54,-81.84,90.0,bottom
C57,119.35,-73.11,270.0,bottom
C58,111.57,-82.92,90.0,bottom
C59,115.35,-82.92,90.0,bottom
C6,87.41,-70.88,0.0,top
C60,113.46,-82.92,90.0,bottom
C61,88.75,-63.96,270.0,bottom
C62,110.64,-68.6,270.0,bottom
C63,107.78,-78.45,180.0,top
C64,97.39,-77.38,270.0,bottom
C65,122.58,-71.63,0.0,top
C66,115.46,-63.48,270.0,top
C67,121.98,-62.45,270.0,bottom
C68,85.84,-80.39,0.0,top
C69,89.04,-75.39,0.0,top
C7,89.06,-66.14,0.0,bottom
C8,132.68,-88.23,0.0,bottom
C9,128.44,-84.89,90.0,bottom
D2,144.2,-70.31,180.0,top
D3,120.455,-86.44,0.0,top
D4,123.3575,-86.44,0.0,top
D5,126.26,-86.44,0.0,top
FB1,126.35,-80.85,180.0,top
FB2,99.1575,-86.84,180.0,top
FPC1,137.24,-65.53,0.0,top
FPC2,119.025,-63.365,180.0,top
J1,138.28,-85.31,0.0,top
L3,145.72,-75.18,180.0,top
OSC1,134.33,-84.51,0.0,bottom
Q1,122.29,-81.63,270.0,top
Q2,124.15,-66.71,0.0,top
Q4,114.41,-66.63,270.0,top
R1,122.01,-73.15,0.0,top
R10,85.97,-83.8,0.0,top
R100,138.7,-62.32,0.0,bottom
R101,98.28,-83.765,270.0,bottom
R103,100.23,-73.985,270.0,bottom
R104,104.13,-79.22,270.0,bottom
R105,121.61,-77.42,0.0,top
R106,98.585,-69.18,180.0,bottom
R107,124.59,-64.37,180.0,top
R108,100.37,-73.975,270.0,top
R11,126.8,-82.3,0.0,top
R110,110.745,-64.8,0.0,top
R12,102.16,-65.19,90.0,top
R13,128.51,-80.53,90.0,top
R14,121.5,-74.43,0.0,top
R15,111.84,-79.31,0.0,top
R16,111.84,-80.645,180.0,top
R17,111.945,-87.1,180.0,top
R18,119.945,-88.61,180.0,top
R19,119.955,-88.61,0.0,bottom
R2,138.03,-85.21,180.0,bottom
R20,116.76,-88.57,0.0,bottom
R21,118.88,-83.94,0.0,top
R22,122.07,-78.84,180.0,top
R23,124.05,-62.85,0.0,top
R24,93.795,-85.91,0.0,top
R26,91.0,-77.57,270.0,top
R27,111.215,-63.27,180.0,top
R28,87.81,-84.22,90.0,top
R3,150.7,-69.2625,90.0,top
R4,151.025,-73.075,90.0,top
R5,112.0,-84.6125,270.0,top
R6,107.64,-67.77,270.0,top
R7,107.74,-73.77,90.0,top
R8,85.83,-81.73,0.0,top
R9,119.46,-71.93,270.0,top
R96,134.875,-62.22,0.0,bottom
R97,95.8,-80.465,270.0,bottom
R98,94.1,-80.525,90.0,bottom
R99,95.04,-88.35,180.0,top
SW3,104.03,-72.7275,180.0,top
SW4,104.03,-68.3325,180.0,top
U1,128.86,-74.8,0.0,top
U10,114.44,-74.8,90.0,top
U11,88.76,-64.03,90.0,top
U12,97.0375,-72.01,180.0,top
U13,118.54,-83.34,0.0,bottom
U14,103.9,-77.49,180.0,top
U15,119.0,-67.32,180.0,top
U16,90.79,-82.42,90.0,top
U2,140.5,-71.60425,90.0,top
U3,94.75,-77.8825,0.0,top
U4,149.55,-82.61,0.0,top
U5,114.04,-61.02,90.0,top
U6,97.66,-67.2,0.0,top
U62,98.13,-83.74,270.0,top
U64,104.43,-74.41,270.0,bottom
U7,115.03,-86.65,0.0,top
U8,119.36,-67.26,0.0,bottom
U9,88.17,-78.48,0.0,top
USB1,105.52,-84.68,0.0,top
X1,105.3,-62.51,0.0,top
